 open, 1256119
 inside, 1106979
 ERCHI, 1092366
 ERAKS, 1039147
 VELOCITY, 912176
 NPLAKL, 739532
 ERIVC, 659556
 ERWLG, 648714
 BDO NTH, 604036
 CafeCon, 470363
 riv01, 415174
 ERCHC, 396346
 JTL, 369859
 Rata, 361300
 KineticAK, 354943
 POTENTIA, 343954
 GCSL, 343687
 NPLCHCH, 305538
 Momentum, 299665
 AUJLA, 294480
 JSP, 277027
 HOD, 267739
 HASL, 266046
 OnyxHort, 259212
 Naverisk, 256279
 DoughHoldingsLtd, 247716
 Hobbiton, 241027
 auctus, 238683
 920, 228340
 Pumice, 223219
 gregory, 215439
 Collective, 209181
 SCDCHC, 202734
 HNFCMS, 201098
 LH, 200610
 little bird, 196348
 ZTK, 190771
 ELER, 183181
 PeopleContract, 182384
 NZNM, 178822
 EBSL, 177679
 FrogTempAKL, 169950
 ARBORIO, 167419
 Premium Com, 166627
 tlc4u2, 163173
 EMG, 161693
 Halo, 160890
 FairWayRes, 158873
 CMPT, 156789
 Venerdi, 156234
 NPLHAM, 151131
 shed, 149992
 ERAKW, 145399
 Asset, 145353
 FRI, 144533
 SWRX, 144382
 Museum, 140096
 Tiger, 137643
 JLLtd, 135915
 Tankup, 135847
 CR, 135485
 KeriTest, 135172
 ConsultTemp, 131302
 Rice, 131220
 greenman, 128648
 920NZ, 128625
 VDV, 128038
 MBGROC, 126787
 RECRUITERS, 122674
 PLANIT1, 122146
 Dyncomp, 122110
 restaurant, 120691
 KineticWN, 119296
 papermoon, 119118
 Fonefix, 117496
 Worklife, 116702
 McPherson, 116291
 CastawaysF, 115623
 CLHW, 114994
 TWT, 114943
 ERAKL, 114443
 ClarkeBurt, 113192
 wilderness, 112037
 Rockit, 111447
 momcg, 110095
 BoC, 109930
 Bream, 107614
 toto, 106810
 CapitalRec, 104828
 OrangeProd, 104124
 NGRAujla, 101245
 PREFAB, 100900
 Katesyl, 99590
 hashigo, 99281
 TNT, 98978
 DatPro, 96814
 FISH, 96157
 BBBHL, 95985
 Mavis, 95613
 SakeBar, 94562
 palmers, 93301
 POPL01, 92691
 OFCHC, 92550
 FIS, 92309
 MW AKL, 92200
 FrogContractor, 90424
 UNICEFNZ, 90348
 BGL Ltd, 90193
 BBSL, 88439
 pas, 87671
 SovSecSol, 86168
 seph, 85260
 HHL, 83830
 ARPL, 83752
 WCF, 83588
 BEG, 82020
 alexjames, 81600
 TheGalleon, 81598
 detailpays, 80372
 ScarecrowL, 79968
 FUKUBI, 79575
 ContraxLtd, 79294
 CB2015, 78759
 PENPHARM, 78229
 LSLTD, 78153
 PKSP , 77927
 BOTTOM, 76747
 Xtracta, 76306
 ERHAM, 76221
 INSPIRE, 75956
 SIL, 75647
 DustedDeli, 75467
 ONE TREE, 75027
 Civitas, 74252
 Bazzas, 73735
 4kings, 73666
 NZFT, 73610
 KCP, 73581
 Naked, 73247
 Brazen, 72798
 hopgarden, 71889
 VicBooks, 71479
 simstrnz, 70981
 UCL, 70844
 Claudelands, 70380
 CPL, 69275
 Fresco, 68234
 RDLGROUP, 67899
 CCGL, 67532
 PPW, 67218
 PIL, 66980
 TAUSA, 66920
 Landingtiger, 65470
 BEAN, 65251
 PrecisionMicro, 64848
 StellarCinco, 64791
 gia, 64762
 SLT, 64647
 FR, 64445
 FPPI, 63459
 APCS, 63140
 PENZ, 62586
 SUSHIBI, 62006
 scottfresh, 61428
 cosi, 61416
 LIMBRO, 61218
 SakeBarNip, 59853
 Tupela, 59773
 Zest, 59239
 blue, 59219
 Flowingly, 59188
 Agroventures, 58544
 slg, 58401
 macsbb, 58325
 ConsultContractor, 58308
 CASHIES, 58241
 ENTERPRISE, 57950
 GDPD, 57949
 Architectural, 57848
 PGLTD, 57750
 KCEH, 57627
 PeoplesCoffee, 57387
 electric, 56270
 Paper, 55520
 ABSLTD, 54791
 JFCLimited, 54295
 BBT Dig, 54263
 CFIX, 54258
 TBS, 54047
 KCCL, 53750
 shnz, 53055
 CAKE, 52805
 TrinityLL, 51500
 TCPL, 51059
 SCRSA, 50801
 wild, 50794
 enlimited, 50648
 DAKO, 50601
 CCG, 50305
 NoshLtd, 50214
 Team, 49956
 WCDC, 49661
 SOLL, 49099
 Red, 48170
 UH, 48113
 Stonebridg, 47346
 XmenLoggingLtd, 46770
 Chadhealth, 46132
 SportsRehab, 45562
 BellaKai, 45544
 Block, 45463
 onerecruitment, 45437
 ThePhoenix, 44908
 GulliverIn, 44799
 THEHBWC, 44559
 SISL, 44556
 TORQ, 44488
 1188749, 44464
 DA2015, 44313
 RUSA, 43851
 MVC, 43743
 Batw, 43739
 JFMD, 43730
 PRTR, 43539
 RipeCoffee, 43122
 Ralm, 43038
 WooHoopay, 42989
 UBTA, 42756
 MJTANK, 42375
 ERWLGCOM, 42313
 COMCT, 42163
 tres, 41754
 Matakauri, 41568
 LLPH, 40643
 thorndonchippery, 40464
 vmcdonald, 40427
 MVPS, 40002
 PGAA, 39794
 FBOX, 39482
 HuntandGil, 39109
 TCCB, 39066
 George, 38967
 MaestroAKL, 38494
 HWCT, 38421
 WTHauora, 38417
 GFBL, 38345
 The Shack, 38045
 olcra, 37815
 Dialled, 37511
 SarbyLtd, 37475
 Goldings, 37422
 ACORN, 37308
 BMHL, 37279
 TBD, 37152
 Bazza, 37109
 M10H10, 37108
 RedAirworx, 36753
 Amigo, 36663
 CURVE, 36481
 HCG, 36328
 oob, 36243
 thepub, 36197
 DJRL, 36137
 mall007, 36054
 Cima High St, 36005
 CHAY, 35922
 Salsnz, 35821
 AHL, 35737
 tbs9510, 35119
 EscapeM, 35058
 pt, 34835
 Margaritas, 34805
 WAATP, 34653
 FrogTempWLG, 34541
 jesscon, 34479
 Sublimecoffee, 34264
 LVL, 34263
 skyyongs, 34197
 C401, 34171
 SGLTD, 34137
 PCCL, 33644
 Oxford, 33562
 ADP, 33545
 J99, 33484
 KERI, 32954
 vetsandpets, 32951
 Kinetic TGA, 32918
 Gnomes, 32811
 Mizzoni, 32517
 TJLTD, 32500
 BGCL, 32252
 Hallertau, 32181
 Nambawan, 32114
 660pay, 32004
 Victoria, 31858
 MaestroWGN, 31768
 fw, 31695
 Albagel, 31621
 Murrays, 31450
 MYGYM, 31368
 CapitalCHC, 30888
 RINOACON, 30837
 TSBOP, 30793
 LittleJimm, 30762
 TheHangar, 30637
 Penryn, 30413
 WHL, 29879
 Kiwifish, 29745
 Hadski, 29685
 APCS2016, 29600
 jenshansen, 29592
 josa, 29316
 Parth, 29142
 unitecvet, 29022
 X3, 28997
 EIK, 28929
 PuzzlingWorld, 28885
 PetherickHL, 28856
 WindsorMed, 28802
 House, 28781
 BSCL2, 28745
 Scrubgrowers, 28678
 HRVNS, 28601
 Homestead, 28589
 Bigs, 28439
 QRC, 28402
 seashore, 28343
 Slippay, 28209
 BrickBay1, 28209
 ERIVCCOM, 28107
 CastawaysL, 28008
 DELISSI, 27850
 KVA, 27833
 1LIGHT, 27663
 ondfarm, 27536
 iStore, 27324
 MFSpay, 26893
 GSCONTRACT, 26807
 DPNP, 26568
 NHR, 26376
 CareeringOptions, 26359
 GHSL, 26230
 nextstep, 26208
 Canpile, 26183
 ONEWORLD, 26125
 ASGLtd, 26109
 KineticAKC, 26058
 MOREPORK, 25975
 MUMA, 25964
 SSMC, 25904
 Tasman, 25832
 Madmen, 25642
 WIND, 25420
 ORL, 25419
 Inglispay, 25226
 HE, 25194
 Fusee, 25129
 Fit, 25125
 TankRot, 24911
 Pain, 24825
 MethSolutions, 24543
 HothiComp, 24531
 MTTank, 24473
 McIntyreHo, 24453
 claytonde, 24332
 Modbox, 24243
 Frimley, 24242
 MCLTD, 24125
 PN, 24117
 RBCCRanger, 24103
 AblazeLtd, 23969
 TheBank, 23907
 Furnace, 23574
 redcircle, 23384
 Neros, 23375
 FGHL, 23230
 macspe, 23220
 5b, 23201
 erconsult, 22899
 carzncarz, 22847
 Madeline, 22748
 BUTTER, 22725
 Powder, 22639
 bts, 22615
 APW, 22568
 Lemon, 22355
 KTB, 22344
 Orari, 22301
 NPLBOP, 22294
 BelowZero, 22278
 HOTMILK, 22278
 GGL, 22220
 PSDuo2, 22193
 ENABLEG, 22191
 Smokehouse, 22184
 DialledTga, 22068
 Avanzarpay, 21985
 TLCNZ, 21983
 TASLIN, 21866
 27 names , 21781
 EUSL, 21619
 Kaida, 21608
 KSPCE, 21564
 PROS, 21492
 TCN, 21294
 cooptical, 21282
 OnsiteB, 21261
 Orange, 21172
 COXP, 21159
 PMH, 21141
 admin@GGF, 20960
 FAW, 20911
 DialledStJ, 20866
 wate, 20782
 centre, 20632
 TIMYAM, 20592
 Lighthouse, 20509
 PGT, 20473
 DASH, 20420
 CTL, 20377
 Rogue, 20310
 EHS, 20256
 SPRIG, 20245
 CEStolte, 20183
 BBCL, 20154
 Bluebelle, 20133
 Glide, 20058
 Shove, 19937
 RRS, 19870
 MIH, 19855
 NoTW, 19817
 LEPI, 19811
 pigl, 19773
 DME, 19737
 CravenThru, 19686
 cafemedici, 19628
 BOX, 19597
 TWL, 19582
 ETL, 19541
 wfi, 19434
 Waiapu RSA, 19408
 NLL, 19300
 Pushbikes, 19275
 CFP, 19255
 BSCL1, 19245
 smartrv, 19238
 MAC, 19175
 ERAKLIT, 19130
 p&p, 19112
 EFX, 19053
 TotalEvent, 18970
 AdvB, 18905
 WML, 18874
 Bluestone, 18845
 EB Ltd, 18354
 CCFinance, 18315
 Orthodontix, 18171
 PPSirC, 18152
 EZY, 18132
 Zamelliottst, 18105
 MUSFUEL, 18010
 kat, 17985
 Ration, 17950
 TEX, 17931
 Zamfeatherstonst, 17922
 MFL, 17897
 BISHOPS , 17863
 BAEL, 17735
 GOLDENCATS, 17698
 MMATapui Limited, 17633
 Bruce, 17622
 Kanteen, 17546
 Wellingtonclub, 17492
 Dialled Wgn City, 17377
 Zanka, 17369
 blupt, 17327
 S&P, 17197
 Res, 17158
 Suter, 16723
 ktchn, 16712
 DunlopBuilders, 16706
 TLG, 16680
 skythai, 16669
 hfsbop, 16659
 LMM, 16593
 KONSTRUCT, 16491
 DLS, 16419
 Whoa, 16298
 Appleshed, 16236
 Fullofbeans, 16193
 Kidsrock, 16183
 Pekaren, 16023
 RECRUITMENT, 16020
 SLM, 15959
 HDU, 15941
 LHHP, 15830
 choknel, 15789
 Zamvulcanlane, 15776
 TSCHCH, 15771
 FON, 15683
 McIntoshDe, 15673
 WEBER INDUSTRIES, 15638
 HRSL, 15584
 BarkerCons, 15575
 Merino Kids, 15570
 ITRECYCLA, 15540
 PACKHOUSE, 15466
 Pierres, 15438
 WorksHireL, 15361
 FieldGreen, 15305
 Zamkroad, 15231
 ISM, 15219
 RBCSP, 15179
 DBSL, 15109
 GCBL, 15082
 SLIP, 14964
 customnails, 14934
 MerinoShop, 14749
 TMG, 14685
 ManMed, 14654
 solpow, 14624
 ASPS, 14435
 xingrunpro, 14424
 obfnz, 14377
 hfstara, 14254
 OZLER, 14193
 TGB, 14111
 TotalProp, 13941
 hfswaik, 13854
 RMD, 13854
 ERTGA, 13849
 aimer, 13833
 mendez, 13684
 HangDog, 13627
 Make, 13503
 Lucky, 13440
 Kingan, 13422
 Eighty4Contractor, 13258
 WR, 13258
 TankChart, 13145
 BABL, 13134
 ENROOF, 13087
 PIM Ltd, 13085
 thejunction, 13064
 beempire, 12957
 BistroGent, 12869
 mako, 12752
 ENV, 12750
 BrickBay2, 12738
 actiona, 12723
 silverspoon, 12700
 Dialledwes, 12628
 SWBuilder, 12583
 TELETRONICS, 12539
 Naishbuild, 12444
 CaptainsDa, 12277
 ACL, 12229
 Keystone, 12207
 Smallfish, 12121
 Lux, 12087
 ysr, 12054
 Tradestaff, 12022
 GHF, 12013
 ArdentBD, 11966
 lawcourts, 11952
 BCIVIL, 11934
 AHGAP, 11921
 TC3, 11906
 kuri, 11868
 MRL, 11846
 FITCLUB, 11814
 SHANLEYLTD, 11813
 Shepherd, 11745
 tomtom, 11739
 AEEL, 11679
 Haarlem, 11651
 subgrade, 11645
 Surf, 11586
 CabbKing, 11570
 MIA, 11567
 Cornwall, 11521
 Tankus, 11476
 Dentel, 11448
 OTSLtd, 11443
 PizzahutJohnsonville, 11365
 Bar101AKL, 11357
 Zampetone, 11352
 StoneCraft, 11343
 KERIDIGITAL, 11335
 auckaeroclub, 11333
 MackConstr, 11181
 offpiste, 11158
 Outdoorpay, 11144
 Yoghurt Story, 11143
 breehosp, 11132
 FLEX, 11127
 WLW, 11117
 Kakariki, 11105
 Coms, 11101
 COOPERS, 11098
 CPIT, 11088
 WaikatoT, 11043
 dfine, 10995
 yschch, 10975
 topkata, 10972
 RBCLpay, 10934
 Regency, 10932
 HachiHachiBushinn, 10916
 TankDevon, 10865
 KobeCon, 10820
 Dialled Wgn , 10801
 EzraBellCo, 10794
 findatruckload, 10780
 KGColes, 10768
 HRToolkit, 10761
 Ralm2, 10692
 KSNHolding, 10596
 2E, 10585
 hfswgtn, 10559
 DialledMan, 10535
 MatcoBuilders, 10510
 BBSTL, 10475
 Latch, 10444
 Sola, 10410
 PCP, 10393
 AC, 10363
 Cardrona, 10316
 MCMasonary, 10315
 PASS, 10301
 mproveit, 10300
 GMD, 10282
 MWS, 10268
 Assist, 10259
 BAML, 10234
 TakaKorea, 10222
 Knights, 10169
 Azwood, 10161
 Dental, 10116
 NPLD, 10093
 lionap, 10080
 BT, 10033
 BDHL, 10019
 FRA, 9924
 Arrend, 9907
 BCE, 9901
 Jinka, 9880
 Webpay, 9878
 TheRedSun, 9873
 BSI, 9857
 BHML, 9841
 CATWALK, 9815
 Tribe, 9757
 lulutonggrp, 9705
 BCCL, 9699
 LAMEX, 9628
 APLINK, 9627
 Alpine pb, 9626
 Webb1, 9614
 Joyice, 9580
 CFALaborat, 9572
 ManandMach, 9560
 KKIds, 9525
 MWCH, 9497
 CAPL, 9427
 TankBeth, 9422
 PBerry, 9418
 PlaceMe, 9397
 insideperm, 9370
 FRIA, 9335
 skydunedin, 9332
 ERKHARTCon, 9238
 BBL, 9235
 PW, 9229
 arawil, 9197
 RMWC, 9193
 kafeoranje, 9185
 Gramercy, 9148
 JDT, 9125
 Craftbros, 9119
 MBO, 9080
 505CON2, 9070
 TSL, 9058
 Tantalus, 9039
 IMMT, 9032
 SuzieQ, 9025
 pnp, 9014
 TKO, 9010
 Beyondpay, 8986
 SN, 8983
 EAL, 8974
 Yallop, 8957
 BLBCL, 8954
 VSB, 8944
 AWS, 8923
 Bar101HLZ, 8904
 SLOAM, 8897
 Garcia, 8883
 Rent , 8873
 FSContTemp, 8825
 Buildamcon, 8803
 goodlife, 8775
 Gourmet, 8764
 BayViewHot, 8732
 Rationale, 8720
 NPD, 8718
 rothvet, 8711
 Shenanigans, 8698
 seize, 8685
 JEH, 8640
 DignonServices, 8614
 KTAT, 8602
 Zamqueensgate, 8601
 hfsmarl, 8590
 Sureplan, 8555
 QCTRUST, 8523
 nlr, 8516
 AKLEYE, 8430
 machspec, 8270
 Combinedpay, 8248
 Laney, 8226
 Ragna, 8215
 AWAR, 8201
 FleasRUs, 8200
 smallbeer, 8190
 BUCKLAND, 8189
 JCCA, 8174
 EMOT, 8139
 RemarkableClean, 8138
 TotalFinish, 8125
 SunDogDiner, 8119
 rossiter, 8118
 queenscafebistro, 8095
 WaionehuFa, 8086
 Centralvision, 8031
 BATHSOL, 8004
 Maneo, 8003
 Reflections, 7999
 empiricalcompany, 7989
 Albertos, 7972
 officesky, 7963
 BPTMS, 7921
 Repertoire, 7858
 Zamremarkablespark, 7810
 MainstreetPharmacy, 7810
 Manaaki, 7799
 CFNN, 7796
 Salsmanukau, 7789
 Cutting, 7759
 NKY, 7743
 Herd, 7740
 CALP, 7710
 30Repertoire, 7707
 Spice, 7671
 SIGGY, 7665
 Goldenpay, 7663
 SOSRECRUIT, 7610
 Turner85, 7608
 Eighty4, 7592
 EVL, 7582
 TGOW, 7569
 SWELLS, 7544
 70Repertoire, 7515
 Sixes, 7502
 BEDiner, 7460
 GCEEC, 7430
 Onegym, 7424
 BGEL, 7411
 TinakoriTa, 7346
 Resto, 7327
 DOA, 7268
 BARED, 7267
 BG, 7262
 ACSL, 7245
 MCBS, 7232
 BRIGHTS, 7222
 MILDEN, 7217
 Spring, 7173
 Demolition, 7166
 kerifr, 7152
 KCL, 7115
 MMNZ, 7114
 GDPLTD, 7111
 Willetts, 7085
 TheFlyingP, 7062
 tarapod, 6999
 Zammtwellington, 6970
 BlackPeak, 6950
 remarkablephysios, 6940
 CD, 6910
 Spray Time, 6891
 Sake Bar Nippon, 6869
 somvlesg, 6842
 Blossoms2, 6836
 CBD, 6814
 QMA, 6795
 ChocolateBrown, 6786
 support, 6764
 TRIALCO, 6760
 10Repertoire, 6743
 TTPT, 6714
 bf, 6690
 Rebecca5, 6630
 180, 6600
 IdealTechnology, 6592
 Cheer, 6590
 WCFGC, 6584
 Confidentures, 6566
 Hawkes, 6538
 Outback, 6505
 ChocolateG, 6497
 atlasnzltd, 6469
 subrosa, 6468
 BPTPK, 6457
 Crescent, 6457
 KDWLtd, 6450
 Zampapatoetoe, 6442
 UMA, 6383
 HNFC, 6342
 GSP, 6300
 TopMarkElec, 6292
 HachiHachi, 6256
 Optimus, 6251
 HFSDunedin, 6237
 JFS, 6233
 PCTL, 6227
 letliv, 6227
 1akash, 6224
 Rays, 6157
 IMO, 6153
 PBBL, 6150
 jobsquad, 6139
 NDRpay, 6128
 AbbeySigns, 6121
 Falstonepay, 6114
 JBD, 6107
 Hood, 6107
 Riseandshine, 6102
 GVTransport, 6089
 BHFL, 6080
 CCSERV, 6063
 NORT300, 6031
 BCBC, 6029
 Harl, 6017
 Zamotehavalley, 6005
 SFcafe, 5944
 HavenTrust, 5865
 Stu Heap, 5830
 20Repertoire, 5818
 RF, 5806
 everestkool, 5790
 DIAL, 5789
 TacSol, 5747
 Beachsidepay, 5742
 TWIN, 5710
 Jetblast, 5695
 FOPB, 5693
 WCTT, 5672
 NBS, 5658
 JAJ, 5643
 EscapeMRot, 5641
 physical, 5611
 Anchorage, 5603
 CCon, 5597
 HachiHachiVictoria, 5575
 PPDecorating, 5549
 TKP Cafe, 5540
 MYLK, 5531
 TAH NZ, 5526
 WrapIT, 5478
 ERVC, 5464
 AdminExpress, 5437
 ELERL, 5371
 TSGLOBAL, 5367
 ThaiAroyMa, 5326
 KIB&T, 5313
 19th, 5305
 PitaPitDominionRoad, 5300
 nfbl, 5270
 YOA, 5263
 RHS, 5254
 KEAN, 5248
 Hideaway, 5247
 Beam, 5223
 HFSchch, 5176
 Rollingon, 5169
 Riverland, 5132
 Boylekawa, 5101
 mediasuite, 5086
 WPL, 5084
 Hurrell, 5059
 JukeBox, 5054
 ControlF, 5054
 Endeavour, 5046
 PROFOUND, 5039
 Spark, 5036
 APG, 5022
 ShaneKnapp, 5020
 SHIFT, 5007
 HBWC, 5000
 thebuilderspayroll, 4964
 SCAPE, 4950
 Gables, 4936
 Lushbea, 4929
 CafeteHoro, 4909
 taxman, 4895
 Acct Drct, 4892
 CHQ, 4846
 YYLHIGHFIVE, 4825
 VFLW, 4825
 STELLA, 4822
 ACPltd, 4820
 stillroom, 4819
 ACT, 4811
 CaciHavelo, 4793
 WebWidgets, 4771
 RENZL, 4746
 HAL, 4732
 BIEL, 4713
 Blueprint, 4705
 GoTMS, 4705
 BCHL, 4704
 PROPWR, 4678
 Mallia, 4674
 40Repertoire, 4670
 KissandBakeUp, 4669
 GiddyUp, 4655
 DEVEL, 4645
 GSPREMIER, 4623
 MCSP, 4603
 RMSL, 4584
 VIVERE, 4576
 Aveda, 4573
 Cima Cafe, 4570
 pasifikaearlylearning, 4562
 CBFC, 4545
 CCBE, 4538
 Frontline, 4535
 Built, 4528
 KNZ, 4524
 ZakuLtd, 4524
 DeluxeCaf, 4523
 CPNP, 4523
 Jolly, 4522
 Nomltd, 4507
 sky5mile, 4506
 Meadowvale, 4495
 S106, 4493
 ITGNZL, 4484
 ace foods, 4481
 nzcoachtours, 4479
 ROD, 4478
 FairwayLod, 4468
 CraftersCo, 4458
 Presto, 4443
 Caltex, 4408
 Joukou, 4396
 MCG, 4383
 Brave, 4379
 Redlec, 4364
 OGB, 4334
 InspireLim, 4332
 bobsbar, 4329
 TheWorks, 4325
 CFWS, 4307
 EHMRepair, 4282
 APLUS, 4273
 McGregorB, 4254
 POWAI, 4250
 BGEL1, 4246
 HJS, 4230
 Novodente, 4230
 EDL, 4230
 NKDEYE, 4228
 Momo, 4219
 humdingerdesign, 4218
 Lakepay, 4196
 TNOL, 4163
 80Repertoire, 4140
 thelab, 4128
 GlobalPCLTD, 4123
 FlippnFun, 4117
 PAMPERED, 4108
 Splatter, 4098
 kineticchc, 4097
 alurep, 4086
 ImaraContractor, 4075
 KUDOSweb, 4063
 Supercity, 4062
 Epro, 4031
 5digital, 4016
 BIHD, 4011
 NKC, 4009
 Custom, 4005
 MATAI, 3992
 Walhalla, 3990
 FELpay, 3968
 CSTK, 3954
 LMC, 3929
 R2F, 3926
 catalyst, 3901
 hfsakl, 3895
 ElementRoofing, 3861
 EasyTiger, 3860
 Residencepay, 3853
 craftbroshospo, 3852
 TSLWN, 3840
 WindyRidge, 3829
 BAFSL, 3823
 GilfedderE, 3814
 CLAD, 3814
 GetCleaning, 3802
 TomTomLtd, 3789
 TFC, 3787
 MorrisFamtr, 3784
 Rest, 3764
 MEServices, 3756
 MARTI, 3750
 Dunasead, 3744
 Tij, 3738
 PBO, 3734
 BSHL, 3732
 Naran, 3694
 LUSH, 3693
 JCScaffolding, 3661
 Connections, 3654
 ONYXWAI, 3654
 Coastalpay, 3647
 WekaOnline, 3632
 PAHI, 3628
 LuckyFins, 3608
 HTBL, 3606
 sons, 3597
 Haven, 3592
 Magz2u, 3563
 LINK, 3547
 Floristi, 3546
 BOTMHAM, 3532
 SPlim, 3517
 JRWIlsonLR, 3514
 DHLtd, 3512
 teams, 3506
 SDLM, 3502
 VBI, 3501
 EFBL, 3491
 funto, 3491
 DuoNZLtd, 3490
 50Repertoire, 3490
 cdel, 3489
 FiolLimite, 3488
 DEMO, 3446
 BusLS, 3445
 von, 3440
 PUKE, 3430
 Tiva, 3426
 Lawnfixpaye, 3377
 MaintainYo, 3373
 supplyroom, 3369
 QTSAS, 3366
 IWIi, 3351
 SeanAnders, 3351
 TWWOM, 3344
 MAY, 3344
 Lumsden, 3338
 queen, 3329
 Extreme, 3328
 ARCvets, 3300
 uql, 3299
 fuzion, 3297
 bigk, 3295
 DC2LTD, 3293
 FLAVIAS, 3292
 ACP, 3282
 Pammills, 3276
 SuperTurf, 3269
 Capability, 3257
 People, 3239
 PHC, 3236
 BlueSkyRec, 3228
 Hammer, 3216
 BROMAK LTD, 3209
 limered, 3202
 MASLTD, 3190
 megadom, 3181
 Coolamon, 3153
 HFFL, 3149
 WNZI, 3149
 Elate, 3135
 PainterGir, 3134
 BIHL, 3132
 READAK, 3131
 SSMXR, 3096
 cashconrot, 3087
 M4FUN, 3086
 B & J Cottle, 3080
 New, 3065
 TR, 3059
 AllstylesE, 3032
 RAL, 3014
 MSBB, 3013
 PXL, 3009
 Glass, 3003
 Ikana, 2991
 PHILC, 2991
 newtsp, 2987
 Inflite, 2982
 STACP, 2976
 FUELME, 2969
 90Degrees, 2966
 heated01, 2961
 NOLT, 2959
 TMT, 2946
 ConnectFit, 2931
 salv, 2924
 Seabreeze, 2890
 JBFL, 2884
 JMFT, 2876
 SWB, 2865
 BLI, 2844
 OrewaTyres, 2836
 ITPL, 2835
 Hall, 2827
 AgrileasingFarm2, 2817
 GlobalPC, 2813
 Buffalo, 2809
 Legaltheft, 2809
 DDSPAYROLL, 2807
 OrbbaLtd, 2792
 hfshb, 2781
 PeopleComp, 2764
 Roaringforties, 2759
 CRLW, 2748
 GKL, 2746
 islandbay, 2706
 AMVW, 2704
 miroed, 2697
 WVCL, 2694
 Zen, 2676
 FB, 2674
 IRDtest, 2660
 KineticWNC, 2659
 PACommons, 2658
 KRM, 2640
 StAP, 2633
 Kwik Kerb, 2625
 Okoroire, 2625
 Drexelsbre, 2621
 HDL, 2620
 taz, 2617
 ChapelPark, 2606
 Greg, 2605
 RL, 2599
 Maxim, 2596
 Neighbourhood, 2595
 savali, 2588
 ToTheTable, 2581
 HiTech, 2576
 testab, 2573
 Insight, 2562
 BikeStation, 2559
 AEROG, 2549
 health, 2540
 NCP, 2526
 Vinsight, 2522
 ideegeo, 2520
 POWpay, 2518
 ERHAMCOM, 2512
 unitycons, 2500
 mdrh, 2478
 MCINT, 2473
 info, 2459
 WaterTechP, 2443
 TDC1, 2438
 FreshFoodD, 2436
 AccNet, 2410
 HachiRangiora, 2410
 DKventures, 2409
 LLL, 2400
 PChildrenT, 2398
 EsenLTD, 2389
 AKDCT, 2385
 BOIROCK, 2385
 athe, 2382
 GJfencing, 2381
 LLPPCO, 2369
 vhcl, 2357
 FreshPots, 2352
 indiemc, 2340
 Contract, 2339
 WFC, 2325
 CaltexRockgas, 2318
 petal, 2308
 HAHOL, 2299
 GTS, 2295
 Deno, 2286
 nikskitchen, 2285
 GDP, 2266
 Establish, 2258
 Tempsol, 2247
 Kaurs, 2244
 PPPQT, 2241
 SalmonMan, 2239
 BLFGL, 2236
 AshLinings, 2226
 SparkyPlus, 2212
 CORPAV, 2211
 Aslan, 2199
 SolidTechn, 2198
 SRPHolding, 2194
 Wintonsubway, 2190
 Mobcet, 2190
 BACL1, 2181
 greenroom, 2178
 PELL, 2175
 JL, 2175
 Wibexa, 2159
 VIAFOS, 2152
 RCP, 2138
 WTTQ, 2135
 COVOLTD, 2134
 GnF, 2132
 Invibe, 2120
 THCPharmacy, 2110
 COVORR, 2102
 MELO, 2100
 EyeIn, 2100
 Teampayroll, 2099
 BOD, 2096
 Sealevel, 2095
 OMAZ, 2061
 inniskillen, 2061
 Christchurchbuild, 2061
 Waimea, 2056
 Diamondwash, 2055
 NTWT, 2046
 DakotaJerseys, 2045
 CaseyPetCare, 2033
 FairWay, 2028
 lovenz, 2025
 PatersonCo, 2020
 CDSC, 2006
 Charlies, 1999
 thebeerspot, 1996
 Current, 1987
 NZFibre, 1985
 JDImports, 1981
 StrandHam, 1977
 ECSL, 1977
 Busops, 1976
 taglass, 1973
 Lansdowne, 1968
 Christchur, 1963
 vortex, 1957
 AP ADMIN, 1953
 Platform Hair, 1950
 Zionpayroll, 1948
 OB, 1947
 apextrees, 1932
 MBLTD, 1922
 Ox, 1916
 bizsell, 1905
 INL, 1903
 HomeFibreS, 1900
 Made, 1899
 Kwok, 1890
 Seasons, 1889
 Lake Terrace, 1888
 SLHT, 1887
 sledge, 1886
 MNewbrook, 1881
 BBDL, 1870
 NZCarTech, 1868
 RZG, 1868
 SIMTR, 1864
 Anwyl, 1864
 AZG, 1857
 NPL1, 1847
 TFR, 1846
 CE Auto, 1834
 HopFederat, 1827
 LOCHY, 1824
 BWPak, 1820
 SCDCH2, 1820
 ZX, 1818
 MachineLtd, 1805
 ABTSO, 1801
 GARDEN, 1800
 JW, 1786
 Sawyer, 1784
 SRK, 1769
 NICE, 1767
 CJNAW, 1765
 Annex2016, 1744
 Mark, 1742
 BOTMTauranga, 1739
 Whk.Info, 1727
 Habitual, 1727
 Holistec, 1715
 LSL, 1714
 HRS, 1706
 Pipi, 1703
 Cpayroll, 1701
 AJP TRUST, 1700
 VirginiaEden, 1692
 DAP, 1689
 Aqualine, 1689
 MTI, 1676
 APN, 1673
 Whensch, 1670
 TexasChick, 1661
 Porterspay, 1659
 ROUTE16, 1658
 Datarati, 1652
 ensaladanz, 1648
 Triplec, 1648
 TPSTaupo, 1646
 DOUFIT, 1636
 Merivale, 1636
 OakTreeFarm, 1630
 aramoana, 1629
 Aerospread, 1627
 idboutique, 1621
 PageBlackie, 1619
 Malo, 1616
 nzfiw, 1614
 DUNFIR, 1612
 FeatureLan, 1611
 Java Hut, 1602
 BaaBaaWakefieldSt, 1599
 Ballarat, 1598
 PIEF, 1582
 OUT, 1580
 Waatea, 1563
 Verticalis, 1560
 anthonywu, 1560
 PROBIZ, 1560
 Otahuhupay, 1558
 Redline, 1548
 SHAUN, 1543
 LE, 1541
 HeadSafe, 1537
 Bespokepayroll, 1537
 CCMpayroll, 1534
 Legacy, 1530
 RobcoJ, 1528
 BMSL, 1527
 FLP, 1521
 BBAC, 1520
 HisAl, 1513
 Latimer, 1502
 SKL, 1501
 HPDP, 1495
 SOM, 1493
 Somekind, 1484
 Mckinstry, 1470
 Tattys, 1469
 Factory Shop, 1464
 LOCAL, 1464
 Bongard, 1461
 CCTL, 1457
 GreatLakePharmacy, 1454
 Aquapay, 1450
 KOMDemo, 1445
 BUDDYBIDLTD, 1440
 WTHRMN, 1438
 TPSCENTRAL, 1433
 MISA , 1430
 CENL01, 1423
 Daltexinve, 1420
 Buckley, 1405
 Broach, 1404
 TSLWSTH, 1392
 Hire, 1388
 PHL, 1384
 FLLL, 1380
 RSL, 1379
 RCNZ, 1374
 sjn, 1366
 BDDL, 1364
 Infinitypay, 1361
 Smudge Ink, 1348
 ONYXH, 1346
 ShawElect, 1344
 Genius96pay, 1343
 Welshpayroll, 1340
 NAD, 1331
 greatescape, 1330
 Bamboo, 1327
 HAT, 1327
 Evansosteopaths, 1325
 AgrileasingR1, 1324
 AinsleyMorris, 1324
 Blossoms1, 1313
 DAFT, 1308
 CGQTN, 1307
 shs, 1307
 TEWANA, 1307
 FFP, 1304
 ICNZ, 1303
 RenCon, 1300
 TSMTWLGN, 1300
 BACL, 1298
 NBFlooring, 1298
 Kendayla, 1287
 BMN, 1285
 llcretail, 1284
 BEP, 1284
 TSHAM, 1279
 Megastuff, 1278
 goatspec, 1278
 LAG, 1275
 NZAPS, 1273
 TeRongopai, 1273
 Precision, 1272
 KazDeveril, 1271
 Drexels, 1266
 willmar, 1259
 ConversionTest, 1257
 100NZL, 1257
 TACL, 1254
 DOI, 1253
 NZAGS11, 1251
 JM, 1245
 Morgan, 1241
 Podflor, 1240
 BAM, 1238
 Coin, 1229
 Hightide, 1229
 THF, 1228
 CRK, 1226
 M2M, 1221
 PlumberPro, 1218
 ABs, 1215
 ScriptToScreen, 1211
 EIC, 1210
 BCCLRECRUITMENT, 1209
 prestige, 1209
 AvenueFarm, 1201
 PBF, 1197
 Linkpay, 1194
 howhouphy, 1192
 60Repertoire, 1189
 DashofBeauty, 1188
 Endless, 1185
 akash1, 1185
 DWBLtd, 1183
 NZLD, 1176
 sprint1, 1172
 CafeDemo, 1171
 BAFS, 1163
 PentCinema, 1162
 SZN, 1160
 Drains, 1154
 Sugar, 1154
 Grafix, 1154
 Escapetga, 1154
 TeArohaMus, 1150
 APSPacific, 1149
 TCCLTD, 1149
 Elise, 1141
 Carpayroll, 1140
 TrulyKiwi, 1134
 ilu, 1132
 Conceptpay, 1128
 Tui, 1128
 APatch, 1126
 Samosh, 1124
 Otautahibuilders, 1124
 SegerAkld, 1116
 MEDIAMINE, 1113
 Fitout, 1109
 Minigold, 1106
 Kiwivelo, 1105
 TheLocalG, 1103
 Laura, 1102
 BeyondLG, 1102
 AdvancedSt, 1100
 lbbl, 1099
 InsideOut, 1094
 DRP, 1089
 Virtue, 1086
 ATCL, 1076
 TasmansAuto, 1076
 FBF, 1074
 REPMAN, 1072
 resultsfirst, 1070
 IRHL, 1069
 JBpay, 1069
 Adept, 1066
 Cancrete, 1064
 WestHarbou, 1053
 BanksGroup, 1052
 DotP, 1051
 SueAdios, 1046
 G2, 1042
 KV, 1042
 S360, 1039
 SW, 1036
 YCT, 1034
 salsparnell, 1033
 TheAxe, 1032
 TarrasStore, 1029
 Elderberry, 1029
 bmgb, 1024
 EQUA, 1022
 BHHEL, 1021
 PRIV, 1020
 fsl, 1020
 AOCC, 1020
 Capstone , 1015
 redbee, 1014
 BMSurvey, 1010
 BritonInfr, 1008
 endura, 1007
 Queenstown Bakery, 1000
 NELCLEAN, 997
 A1pay, 997
 Camistry, 996
 ModernInsu, 993
 JPBURKETT, 992
 JWC, 992
 Afixcafe, 992
 Blast, 990
 tonik, 989
 Clarke, 988
 MBS, 987
 NgaioAgri, 986
 VEL, 985
 HomeEnterprises, 985
 ElephantNZ, 983
 Christchurch, 982
 CAH, 982
 Galia, 981
 ilabb, 974
 PPalz, 974
 Flairhomea, 966
 VisualChocolate, 965
 PhotoBoothFun, 965
 Hachicashel, 962
 dairy, 957
 OOHL, 957
 Restate, 953
 TRS, 952
 MARTEC, 948
 ANALOGUE, 947
 TalentArmy, 946
 BDE, 945
 Bennie, 945
 Paca, 943
 brookesachi, 942
 waverley, 939
 LFL01, 935
 YKWAL, 934
 BBLL, 934
 Tuson, 929
 Queenstownbakery, 927
 DemoCoy, 925
 TexasRadio, 923
 RoofRight, 922
 gbl, 922
 dbfacility, 918
 JohnWinder, 916
 MiIT, 915
 GPMS Ltd, 914
 Snippitz, 913
 MCHT, 912
 newton, 912
 BM, 910
 Pedersen, 907
 Aspectcb, 906
 Tamatea, 905
 Digile, 903
 SUDS16, 902
 CDNTrust, 898
 Tauporae, 892
 STUDIO, 891
 rp, 890
 WCCL, 886
 JBE, 885
 Mexicanpayroll, 885
 Gold, 883
 MacsBrewba, 882
 WellingtonDental, 881
 Doughbin, 869
 FSSL, 862
 DDPV, 861
 Freshpayroll, 860
 BuildSmart, 848
 Rambo, 844
 Blossoms, 844
 chickenbites, 843
 CusDigi, 843
 HeadlandMT, 843
 japanzmart, 843
 FSWG, 840
 BER, 832
 GHGL, 832
 True Space, 829
 Salonz, 829
 SourcedAKL2, 826
 FitMerchandising, 819
 TTrans, 818
 TEMPIRE, 817
 L8RS, 816
 PWL, 815
 OWP, 813
 WFpay, 813
 ImagezoneN, 813
 Endlessfloor, 808
 Normz, 803
 JWBL, 801
 Webmedia, 801
 BWFmb, 800
 TBL, 798
 SecondSkin, 793
 WPS, 789
 Kudos, 788
 SYA, 787
 Olsen, 787
 NKC2, 785
 Milkwell, 780
 Edmonds, 778
 PMT, 778
 arminarm, 778
 ApexDental, 774
 goodfortun, 771
 fort, 768
 Roost, 767
 WorkforceR, 766
 Flyingkohi, 766
 Gameplan, 765
 KCPKAP, 765
 ASL, 765
 Nosh, 765
 NOTJJ, 761
 Monsoon, 760
 SOVW, 758
 EDRpay, 757
 CBLtd, 755
 2fDesign, 753
 dothesums, 752
 lucy, 750
 Noms, 749
 SALMONMOUSSE, 748
 TCL1, 748
 jgethen, 748
 CLOUNGE, 747
 ipay, 745
 ESconsultants, 743
 Salspay, 742
 Shanik, 741
 DHALTD, 740
 JCF, 738
 InspirePro, 732
 BWBot, 730
 keacoffeeco, 728
 ZionTechno, 720
 fmgo, 714
 Welshpay, 712
 Classicpay, 711
 ARDIN, 710
 Rockpayroll, 708
 jakekennedy, 707
 GavinDevel, 707
 CBR, 702
 TSAKL, 702
 OCOSIN, 698
 ITCManagme, 697
 AP, 697
 BBTL, 694
 KFL, 691
 ConnexuTEST, 691
 ElanzaFresh, 689
 yycenturyltd, 689
 SugSis, 687
 tumtum, 687
 TOL, 685
 Batch, 685
 KinganLand, 684
 selb, 682
 ARG, 679
 ALWAYS, 676
 ARROW, 671
 Peakeperformance, 668
 ANDER, 668
 chester, 666
 designflare, 658
 MLVP, 657
 TripleJ, 650
 KND, 648
 thefix, 647
 PestAttack, 646
 TTTInt, 643
 AnthonyBrolly, 637
 GHRDN, 637
 Prime, 637
 Sandbar, 636
 GORG, 634
 RMWines, 634
 dsa, 633
 LENZ, 632
 PPML, 624
 Moore, 622
 Frankfei, 619
 Psychmed, 617
 F4U, 617
 Fireco, 613
 GreenCow, 609
 DonaldsonLandscaping, 607
 cworx, 605
 ivory, 603
 crave, 601
 Orsini, 598
 Cross Group, 597
 FIGOUT, 597
 WHC, 596
 MCB, 596
 kvp, 596
 TROTR, 596
 Dominus, 595
 Praxis, 589
 BHGC, 589
 LisaCooper, 585
 GALLERY, 584
 AoteaLodge, 582
 Porthillspayroll, 580
 BBBS, 580
 TWIIK, 577
 SLA, 577
 Gpayroll, 576
 ClockworkE, 575
 BAFST, 574
 Glens, 570
 STRUCTURED, 569
 stripco, 567
 CJH, 565
 NTAK, 565
 GLAC, 565
 WEB, 561
 Markpay, 560
 Vij, 559
 Commerer, 556
 JeremySutt, 553
 Goat, 553
 ACWT, 551
 Jasct, 551
 affix, 551
 whooteam, 550
 PapamoaHort, 547
 Kenji, 546
 DriFitRoofing, 545
 Lumbr, 545
 cafezone, 544
 Strickland, 542
 UPWL, 542
 AETpay, 539
 HaweaPlay, 538
 Dairypay, 536
 PPI, 534
 cordesign, 533
 ERTGACOM, 533
 ABCLimited, 533
 SWL, 531
 KNLPAY, 526
 POTAB, 524
 ADC, 522
 Haven Ins, 519
 MabelMaguire, 515
 EASY, 510
 Sch, 510
 SUPER, 510
 Astra, 510
 WETINK, 510
 khj, 510
 JMB, 510
 flowpro, 510
 BPM, 510
 panel, 507
 AcitveTran, 506
 Crewtec, 505
 SourcedAKL, 504
 UV, 502
 JGMInvestm, 502
 Destiny, 501
 Jobsquad2, 501
 660, 498
 KBTL, 497
 Beachkids, 494
 EF DHA, 493
 TKP, 492
 GuangDa, 492
 FCOL, 492
 Vo2SW, 490
 LakeRotoma, 489
 Apexpay, 488
 Coleepayroll, 485
 AJFC, 484
 alpine, 482
 WWT, 480
 MMS, 480
 hamaircon, 479
 downsc, 479
 AET, 478
 LJR, 477
 redofc, 477
 VME, 475
 PBSAdvisers, 474
 Lovebucket, 473
 BFCL, 472
 NZWoodProducts, 472
 LoneGumCon, 466
 Aluminiumpay, 466
 Balanced, 463
 mad17 DHA, 463
 BFLS, 462
 TSGTEST, 461
 Bulbs, 460
 RBCLTD, 460
 BASS, 459
 Hawkespay, 457
 MJStars1941, 457
 Allstyles, 455
 EpicW, 455
 kiapay, 455
 Blaze, 453
 OffshootNZ, 452
 RLDLS, 451
 LKS, 449
 catcloud, 448
 YOAL, 448
 TMGNZ, 446
 Rocket, 445
 cvg, 444
 Rebootit, 444
 INDIS, 440
 ACE, 440
 BTG, 439
 Vo2Wai, 437
 Kiwiyachting, 437
 EWERSJM, 436
 BOBBY, 435
 AandG, 434
 cutting1977, 433
 Shaunpay, 433
 grab, 432
 PASSPAY, 432
 DO IT LTD, 431
 cafe10thav, 429
 STOSPO, 428
 KH, 428
 Hospitalitydept, 427
 OneStopCom, 427
 HotelonDev, 426
 STACKS, 421
 comm, 419
 protectauto, 414
 Morning, 413
 Tabrum, 413
 DOGLBureau, 413
 WWineT, 412
 ARL, 412
 Indulge, 411
 Movingpay, 410
 DHAC, 408
 MightyEfficient, 407
 High, 406
 Consult, 405
 RKC, 404
 CSPACIFIC, 404
 EnterpriseDemo, 404
 SFISH, 403
 WASC, 403
 NHTB, 401
 ssltd, 399
 Craddocks, 399
 CES, 398
 Hauler, 398
 NZCR, 397
 TeaSisters, 397
 AKGLimited, 397
 Rural TV, 394
 FunThought, 394
 DAD, 394
 anaru, 394
 MPL, 394
 SRHB, 394
 LeadSocial, 392
 Shortland, 391
 AmohauMaxwellLtd, 391
 HARBOUR, 390
 kinetic, 390
 cneb, 389
 Lang, 389
 Edifice, 388
 MRSA, 387
 PCSL, 387
 BY, 386
 CromKill, 386
 baristacaf, 386
 CHBTRUCK, 384
 PeterHo, 383
 MN, 382
 cove construction, 382
 ProEd, 381
 Arise, 381
 TCM, 379
 Toppay, 378
 Otahuhu, 378
 Chderm 2, 375
 Omsgrocerymart, 374
 webbs, 371
 MBW, 369
 Hansonpay, 369
 TWCL, 368
 kau, 368
 X215, 367
 Pattersonpay, 366
 LevyDrink, 366
 M Nabbs, 365
 LIMITLESS, 364
 YOUNG, 364
 MKL, 364
 MML, 361
 GKO, 359
 DHA CI, 358
 GDNZ, 354
 KTPhones, 353
 BossMLBuil, 353
 Timaru, 352
 studio81, 352
 CAHDHA, 351
 ASD Electrics, 350
 9bespokepayroll, 350
 enhr, 349
 JMS, 347
 FFSS, 345
 Tril, 344
 MIND, 343
 Bakehousekope, 341
 1stChoice, 339
 DashExpress, 337
 KM DM, 337
 KAYE, 336
 COE, 336
 PSLitt, 336
 PSG, 335
 Wairakapay, 335
 Asplundh, 335
 NTCSmall, 334
 BGGL, 334
 therefinery, 332
 Crew, 331
 SShed, 330
 Accountable, 330
 FLORA, 329
 blend, 327
 CBDS, 325
 Habitualpay, 324
 LL, 323
 Falcon, 322
 BLUECROSS, 315
 DGL, 314
 aramoanawi, 314
 PatMenzies, 311
 alltrowelledup, 311
 RosterComp, 310
 BCILtd, 309
 FirepayrollNZ, 308
 ZGC, 307
 Changda, 306
 FEL, 306
 TXT, 306
 BlackFig, 305
 NickEadenConsulting, 305
 CMay, 303
 DCN, 301
 AOAL, 301
 Maungatua, 300
 RC, 300
 Mavispay, 300
 zeetekproj, 299
 TWK, 297
 MPH, 296
 BPD, 296
 Herba, 295
 toypal, 294
 Richora, 294
 AHV Ltd, 294
 HME, 293
 Plantcare, 293
 KKCBC, 292
 FLEXI, 290
 RTL, 290
 Willscreek, 290
 ReyneckeEl, 290
 GK, 287
 Fusion, 286
 Mackaycont, 285
 Rayna, 284
 MoorelandH, 284
 Sharp Roof, 284
 Saltydog, 284
 Waxnlaser, 283
 SamKeenanT, 282
 HavenMort, 282
 Cranky Frankys, 282
 lia, 281
 SIDEAK, 281
 gdhomes, 280
 KGfitnesspayroll, 280
 JLRGROUP, 280
 BODYFX, 278
 accounts2u, 278
 MyFutureRocks, 277
 careersnz, 276
 LIQU, 275
 Progressivepay, 274
 LCL, 274
 BDHA, 274
 Healthpay, 273
 Impulsepay, 273
 URB11, 272
 gearboxespay, 271
 Rialtio, 271
 Slipinn, 270
 KBVLtd, 270
 ComHub, 270
 SDF, 269
 ThumpSports, 268
 blakat, 268
 Murphy, 268
 SurviveIt, 268
 Printable, 267
 RecruitNZ, 266
 erconsultho, 265
 Classicpayroll, 264
 ZeroHarm, 264
 Hydro, 264
 Hellaby, 263
 SKN, 263
 TFKWT, 261
 OPB, 261
 futurebars, 261
 mka, 261
 LCDHA, 260
 Vision, 260
 LPD, 259
 KCantina, 259
 RWRS, 259
 HIL, 255
 Fuel, 255
 SAVFASH, 255
 LBM, 255
 PBDemo, 255
 IFN, 255
 Matha, 255
 Cor, 255
 NCNC, 255
 PRIVATE, 255
 CHCN, 255
 RS, 254
 GunpowderLtd, 254
 WCakes, 252
 Langpay, 251
 Matt, 251
 69829, 250
 CANBIL, 250
 time, 250
 GGCNZ, 249
 dhanaser, 247
 MPPD, 246
 Boulderbuild, 246
 Bach Barge, 246
 Katielee, 244
 BMTEST, 244
 HailElsie, 244
 FCNL, 244
 JFMpay, 243
 ALF, 243
 DHAT, 242
 AEI, 240
 mareet, 240
 maestrocafes, 239
 thegrounds, 238
 Camross, 238
 EMP11, 238
 BMTJ, 237
 DLRP, 237
 ecs, 236
 AspireFarming, 235
 CDL, 235
 RMM, 235
 Pulse, 235
 theeatery, 235
 DHADP, 235
 zestdha, 235
 APGC, 234
 ABC Co, 234
 Doublepay, 233
 Saneh, 232
 Frames, 232
 DTL, 230
 Macho, 230
 Kitzim, 230
 VnC, 228
 Yakitori, 228
 Premier Life, 228
 Tracytest, 228
 coroarea, 228
 IEpayroll, 227
 Triple A, 227
 Barber, 227
 Gorgeous, 227
 ProVital, 227
 Tutanekai, 227
 Tolls, 226
 EAS, 225
 Bayside, 224
 chow, 223
 ADVSTH, 222
 Xsede, 222
 Tallyho, 222
 Griffiths, 221
 LuvMe, 221
 ROCKPRO, 220
 ED, 220
 graphicsonshirts, 219
 NCL, 219
 BarberVine, 219
 Bag, 218
 HSCS, 218
 Orientalblues, 216
 Dstrt, 216
 RMS, 216
 Bug, 216
 DCFL, 215
 VELOX, 215
 UCS, 214
 KCDHA, 213
 AVU, 213
 PharmaScie, 213
 CreditConsultants, 213
 TKC, 212
 lawnfix, 212
 PABltd, 211
 B, 210
 OnlineLogi, 210
 wanacare, 210
 EasyswimTest, 209
 KWarehamFi, 209
 WaiBakery, 209
 2013DHATAX, 209
 OTAU, 208
 autoimportsdirect, 208
 AAOL, 207
 NZTECHSOL, 207
 RAB, 207
 A1HPC, 206
 DawsonFly, 205
 DDL, 205
 RawBal, 204
 TKPLtd, 203
 DHAS, 203
 BIALTD, 202
 indsheet, 202
 SDP, 201
 GTT, 200
 Techniks, 200
 akbuild360, 200
 pubonwharf, 199
 Dashing, 199
 SJD, 199
 ClearPeaks, 198
 TT, 198
 thd, 198
 UptownQueen, 197
 panoview, 197
 ACAB, 197
 pow, 197
 Smacnetltd, 197
 PCCB, 197
 MPGD, 197
 Circus, 197
 PFW, 197
 BSAF, 197
 Group3, 197
 TEST2, 197
 JACAL, 197
 ft, 197
 nnn, 197
 ffcg, 197
 PBoyes, 197
 Cangels, 197
 Daisies, 197
 cop, 197
 Golden, 196
 Inzea, 196
 Waverunner, 195
 TheHummingbird, 195
 SaloonSalo, 194
 JTContract, 193
 HomeClean, 193
 Vmaxcoffee , 193
 Glasscorp, 191
 bhut, 190
 Pulotu, 190
 WoosahGroup, 188
 WJet, 188
 JAG, 187
 czam, 186
 DHAA, 186
 Boxpay, 185
 Bradenco, 184
 DSOFT, 182
 Connectpayroll, 182
 TomTomBar, 181
 Waikura, 181
 JonesDept, 180
 MJsGifts, 180
 ccroto, 179
 Pestwise, 179
 HunterMcLeod, 178
 BMNL, 177
 KDHA, 177
 premierlife, 177
 APP, 177
 KeoThaiRes, 177
 BES Ltd, 176
 JASONHEPI, 176
 MJJ, 176
 SILVER, 175
 TESToffice, 175
 WorkSmart, 174
 MCMAS, 174
 NFT12l, 174
 Malvernhills, 173
 TCC, 173
 Tiger Build, 173
 Design1080, 173
 EKOTOURS, 172
 Protile, 172
 Hyper, 172
 Holm, 172
 PC ltd, 172
 SS DHA, 171
 CreamingIt, 171
 crusaderroofing, 170
 NovDes, 170
 Hell, 170
 Saranpay, 169
 SA, 169
 Aonui, 169
 XLP, 168
 BeginnerBo, 168
 GHE, 168
 Connect, 167
 infinite, 167
 paa, 166
 Jireh, 165
 EllisonCon, 165
 ProSpecs, 165
 nzk, 165
 2BSL, 165
 Sysdoc, 165
 safesec, 165
 NZpay, 164
 sbal, 163
 A1Plast, 163
 Trialit, 163
 teawamutuglass, 162
 DHAM, 162
 DHASC, 162
 Dartworks, 162
 pvt, 161
 Harrymo, 161
 AsmileLimi, 161
 ABT, 160
 Rubbishpay, 160
 BenTest, 160
 Precbuild, 159
 Hortpay, 159
 marise, 157
 KKAPP, 156
 PTLTD, 156
 RTC, 155
 TCHIRO, 155
 Webbline, 154
 Flynnpay, 153
 SYNTHESIS1, 153
 LIT, 153
 TESTA, 153
 GravelIT, 153
 FGCL, 153
 HB, 152
 LEARN, 151
 f45, 151
 TPW2, 151
 DDPainters, 151
 Bobpay, 150
 PhilCLtd, 150
 505Con, 150
 DMDOAM, 150
 mekanix, 150
 IGtest, 150
 PMNZ, 149
 BJF, 149
 JUSTPAYSLIPS, 148
 B0KA, 147
 RUBY1, 147
 CDpay, 146
 E1 Web, 146
 Srcc, 146
 BSD, 145
 PBIZ, 145
 spout1, 145
 AM, 144
 NB1, 144
 JEFFCO, 143
 NZLIVETV, 143
 BASCL, 143
 BHC, 143
 BFSS, 142
 Sonia, 142
 DRD, 142
 Raywhitedemo, 141
 challenger, 140
 Pikimai, 139
 DD, 139
 killarneypay, 138
 NZTags, 138
 Adtraction, 137
 Daam, 137
 Stephen, 137
 Contain, 137
 WISA, 137
 SALJP, 137
 FindPro, 136
 ASHWELL, 136
 GML, 136
 CANTEDFL, 135
 DHAMOEAU, 134
 TFCLTD, 134
 LLOYD, 134
 Startup, 134
 Snells, 134
 Riverside, 133
 Wimco, 133
 EMS, 132
 symonsgroup, 131
 Disco, 131
 MAGUs15, 131
 REID, 131
 HavenDemo, 130
 MountPeelS, 130
 pcltd, 129
 Jayelz, 129
 MT, 128
 stand, 128
 mmmb, 128
 WFGPay, 127
 FastConnect, 127
 TuataraDes, 127
 GRB00, 127
 BOPPlumbin, 126
 STOLENGF, 126
 Sunfar, 125
 Reverb, 125
 JStone, 125
 BDNA, 124
 Jonnys, 124
 AAL, 123
 TwinLakes, 123
 ranfar, 123
 NTF, 123
 Nicholson, 122
 fifelaru, 122
 GroundLevel, 122
 EQBS, 121
 testprecbuild, 121
 ibuild, 121
 DotPerformance, 121
 Not, 121
 Agtract, 121
 NJTurnerLt, 120
 TrinityD, 120
 VENT, 120
 Testco, 120
 BUB, 119
 ThunderMaps, 119
 MHAL, 118
 Escape Masters, 118
 JJP, 118
 PJAUS, 117
 gnomes, 117
 ThrowGo, 116
 dbo, 116
 Acumen, 116
 HEB, 116
 WF, 116
 Pentyres, 116
 horticulture, 115
 Kip, 115
 KineticEmployment, 115
 Rotoruaeyes, 115
 Murt, 115
 NNCONSTRUCTION, 115
 CTTC, 114
 LA, 114
 QPR, 113
 Jetskijunk, 113
 Hansons, 112
 ACEDog, 112
 Crews, 112
 OSNZ, 112
 Apcpayroll, 110
 superstar, 110
 tinkler, 110
 Goldleaf, 110
 infinitescopegym, 110
 BFG, 110
 GFN, 109
 PA, 109
 MCA, 109
 PGL, 109
 RYL, 109
 UVS, 109
 JSS, 109
 540RBuild, 109
 Habitat, 109
 Aerohire, 108
 BeyondFrei, 107
 PB, 107
 emes, 106
 HayAssoc, 106
 Goldstarpay, 105
 RelacomTec, 104
 novaisfuck, 104
 H2R, 104
 RMorehuCon, 104
 ZJV, 103
 BWL, 103
 NZArtCards, 103
 Flowright, 103
 rcl01, 103
 BuickWages, 103
 GeoffKellC, 102
 SOUL, 102
 AriseSoftware, 102
 Mntmtwellington, 102
 SC2010L, 102
 Belairpay, 102
 havho, 101
 LibertyAst, 101
 md, 101
 The Riverhjead, 101
 surtees30, 100
 TROTRA, 100
 BUildersco, 100
 CCL97, 99
 GHL, 99
 HHR, 98
 TETUINGA, 98
 EXCELTECH, 98
 SouthanPri, 98
 ATLM, 97
 Buca, 97
 agrl01, 97
 PFT, 97
 Launchpad, 97
 DixonF, 96
 KatieBevan, 96
 Mahiaavestore, 96
 MAG, 96
 Gracepay, 96
 GDC, 95
 APPL, 95
 Greenlane, 93
 HWILTD, 93
 greyhill, 93
 EssentialSafety, 93
 OTARI, 93
 CDHA, 93
 Gramado, 92
 RLFabricators, 92
 K, 92
 Bullsauto, 92
 BlossomsEd, 92
 sanjeev, 92
 nppayroll, 92
 TJLFarming, 92
 oaks, 91
 PHAAL, 91
 sprint, 90
 BanksDummy, 90
 SACafe, 90
 FVM, 90
 CAJAK, 90
 BarnesDist, 90
 90Repertoire, 90
 Ppayroll, 90
 M2Decor, 90
 Brooklyn, 90
 rwl, 90
 DDBosch, 89
 jonesyrulz, 89
 TPF, 89
 GRAL, 89
 cafe218, 89
 R&E, 88
 nzlive, 87
 Brew, 87
 Graphics, 86
 bread, 86
 qecholdings, 86
 MikeHamillpayroll, 86
 NilDHA, 86
 JH, 86
 SANDHU, 86
 Advent Travel, 86
 FisherHold, 86
 NANO, 85
 HMS, 85
 Speedy, 85
 QSLGROUP, 85
 Deployed, 84
 Hyslop, 84
 kumarsharm1, 84
 SriSaiSankalp, 84
 BCEL, 84
 blackwall, 84
 HDP, 83
 BRKL, 83
 ProBuilt, 83
 OsynligNZL, 82
 RobinsonBC, 82
 NovotelHHL, 82
 Allpayroll, 82
 HF03496, 82
 AJStudio, 81
 Ribier, 81
 Chances, 81
 AVS, 81
 Nitrocare, 81
 TLLoffice, 81
 MDairyLtd, 80
 HelloSCA, 80
 TCR, 80
 DHACART, 80
 onerecruit, 80
 springcln, 80
 TMPL, 80
 Home, 80
 tpc, 80
 Cima, 79
 GSS, 79
 Thirsty Liquor, 79
 DHARL, 79
 Team Rec, 79
 Jrpaint65, 79
 CML007, 79
 setiling, 79
 Baldwin, 78
 WorksHire, 77
 PNWTools, 77
 Kid, 77
 starcash, 77
 KVEng, 77
 CGILA, 76
 hmsl, 76
 RRG, 76
 poolTech, 76
 abcc, 76
 Fullerpay, 76
 Kajolcuisine, 75
 Corner, 75
 Yilei, 75
 milanospay, 75
 BAGL, 75
 cromyouth, 75
 MSL14, 75
 MDBY, 75
 PineBros, 75
 Lepicerie, 74
 Alpay, 74
 thecococo, 74
 Ezyscribe, 74
 Ahchong, 74
 WKPConsult, 74
 Fresh, 74
 BREE, 74
 FST, 73
 Goldstarpayroll, 73
 NTL, 73
 Carz, 73
 APBDHA, 73
 FxEL, 73
 The Grille, 73
 BRTL, 72
 EdPersonnel, 72
 Toka, 72
 Lexel, 71
 mandrweight, 71
 ConsultStaff, 71
 DM Cartage, 70
 JMVpay, 70
 Assen, 70
 MDA, 70
 coffee, 70
 TheWateryM, 70
 threekings , 69
 lettuce, 69
 APC Services, 69
 Pum, 69
 Nutricia, 69
 Firepay, 69
 NUMA, 69
 MAMcKay, 68
 Hue, 68
 LudlowHome, 68
 vbcc, 68
 AccountsDe, 68
 THFarm, 68
 Beyondpayroll, 68
 MRE, 68
 Zeal, 67
 AOF, 67
 TBH, 67
 Teresa, 67
 BMS, 67
 CGL, 66
 Cafe 55, 66
 YPT, 66
 Nikau, 66
 incito, 66
 WSP, 66
 Spokes, 66
 RuawaiDair, 66
 KPMGpay, 66
 CBH, 65
 EXCEL2016, 65
 msc, 65
 TPSFONTERRA, 65
 harpergroupltd, 65
 NSLtd, 65
 Xero, 64
 CamelCo, 64
 Oddjobz, 64
 HealthboxN, 63
 AvmecLimit, 63
 Homersham, 63
 SAS2012, 63
 cfsnz09, 63
 EKo, 63
 Corropay, 63
 Windsor, 63
 ECLpay, 63
 Imagezone, 62
 FairlieEne, 62
 OsRL, 62
 afg, 62
 Skills, 62
 amour, 62
 GMC, 62
 Raes, 62
 Christiepay, 61
 Abbey, 61
 BDODemo, 61
 MClay, 61
 ORourke, 61
 PUREBLISS, 61
 PG, 61
 HYCOLTD, 61
 noshcatering, 61
 SRLcloud, 61
 EQUEST, 60
 LINKDEMO, 60
 NoCo, 60
 LAT, 60
 Yodaconstruction, 60
 TrialCWBS, 60
 Armadillo2, 60
 DOSANJH, 59
 ISL, 59
 GM, 59
 GVT, 59
 Nanyang, 59
 TheNavigators, 59
 Kibrille, 59
 FCI, 59
 Vrg , 59
 VPNZ, 58
 TrustSwitc, 58
 Nicholas, 58
 PPD, 58
 4Hector, 58
 123, 58
 LUNA, 58
 NZEDEngine, 58
 RBD, 57
 HA, 57
 KVAS, 57
 ABCpays, 57
 SNOW, 57
 PCLDHA, 57
 KPSZFW, 56
 Cjjs, 56
 DONKEY81, 56
 DariaDmitr, 56
 BFL, 56
 Mayco, 56
 Lovepay, 56
 kegstar, 56
 GravityNZ2017, 55
 BlumeDarling, 55
 DCOM, 55
 STFC, 55
 leng, 55
 CSS, 55
 Contrax, 55
 SMACK, 55
 Homeent, 55
 OSDHA, 55
 hookedfishandchips, 54
 gtp, 54
 CJK, 54
 Tantaluspay, 54
 MCHALE, 54
 Onebar, 54
 DHATAX, 54
 MW, 54
 Symons, 54
 subwial, 53
 JCC, 53
 bosys, 53
 Glow, 52
 DIXON, 52
 MontimInve, 52
 GFNSinglet, 52
 vjcoltd, 52
 MM, 52
 longroom, 52
 currybhavan, 52
 Celtic, 52
 Vivian, 51
 CPH, 51
 LCD, 51
 Russells, 51
 HWKHolding, 51
 Quality, 51
 EMO, 51
 opTECH, 51
 civtec, 50
 Flairhg, 50
 Janis, 50
 RPL, 50
 thefishandchippery, 50
 KBDL, 50
 itz, 50
 FPA, 50
 HL, 50
 ManawanuiT, 50
 Belair, 50
 FRL, 50
 Icomm, 49
 FokkerBro, 49
 CATL01, 49
 DCpay, 49
 HF03464, 49
 Plasterboard, 49
 BDOJess, 49
 Palomino, 49
 modernhomes, 49
 FCL, 49
 MVRY, 48
 GetResults, 48
 D&D, 48
 P2P, 48
 pubtaupo, 48
 NZPOD, 48
 LSH, 48
 WibexaNZpay, 48
 EBW, 48
 WebMAD, 48
 Cobra, 48
 SSCLtd, 48
 WCRA01, 48
 Conzahaulage, 48
 TRWT, 48
 Hallrite, 47
 ALA, 47
 MKNZ, 47
 BlackCat, 47
 shear2pink, 47
 Warren, 46
 Installworx, 46
 HF04635, 46
 ANZCasino, 46
 Zaku, 46
 SHHS, 46
 TotalLtd, 46
 colourguru, 46
 OTG, 45
 Flocon, 45
 RandNClarke, 45
 TMBUILD, 45
 HF03313, 45
 ABCCompany, 45
 IL, 45
 crowne, 45
 Harrisons, 45
 DoseCafe, 45
 Furever, 45
 MiVision, 45
 SSS, 44
 GrizzlySup, 44
 Kleantech, 44
 NZRecruitmentso, 44
 Country, 44
 TAG, 44
 HYDR, 44
 Awahuri, 44
 PizzaExpre, 44
 SurfSupNZL, 44
 PeninsulaE, 44
 SymonsGrou, 44
 SWS, 44
 hcff, 44
 CRC Ltd, 44
 oncue, 44
 construct, 44
 AwaroaAgri, 43
 WorkTest, 43
 Trials, 43
 AlpineHous, 43
 avodah, 43
 WaterstoneInsolvency, 43
 goldentrain, 43
 SL, 43
 3LBL, 43
 Witnz, 43
 ACITLimite, 43
 Surepayroll, 43
 BVEL, 42
 Ipayroll, 42
 KahuVet, 42
 Dossdown, 42
 Bzymenfreight, 42
 rebuilt, 42
 DDW AW, 42
 EKM, 42
 MoE, 42
 Anjala, 42
 gadsby, 42
 HARRY, 41
 Henhut, 41
 Vivid, 41
 GCB, 41
 NewFlow, 41
 Diamondpay, 41
 GoldTamper, 41
 taniacoffe, 41
 CAJAKLTD, 41
 Vo2BOP, 41
 Azimuth, 40
 HF02986, 40
 LIDLTD, 40
 HF03409, 40
 SSVDP, 40
 webb, 40
 SNIPZ, 40
 rm, 40
 RJ, 40
 GisborneSc, 39
 JUMP, 39
 ProPaint, 39
 Orthovisio, 39
 TIJATL, 39
 DAS, 39
 ITC 2014 , 39
 QPR2014, 39
 TASLAN, 38
 setmeup, 38
 Builders, 38
 SRL, 38
 DNA1ST, 38
 MagritekLi, 38
 Enviroplaz, 38
 jet, 38
 Bestonepay, 38
 HIFASH, 38
 N&S, 38
 JLL, 38
 CHIL, 38
 Albertopayroll, 37
 COOKP, 37
 ran, 37
 Accountingpay, 37
 akaroaWM, 37
 PDTEST, 37
 Techies, 37
 ShoreCarp, 37
 PLANK, 37
 ACLcom, 37
 floaq, 37
 Voss, 37
 xplus1, 37
 Londonbarb, 37
 HOAKL, 37
 Coldhire, 37
 Remarkable, 37
 The Riv, 36
 Skinandbody, 36
 DELI, 36
 homecleans, 36
 Cranbury, 36
 Prolift, 36
 LINKSOL, 36
 CLICK, 36
 Johneysdumplings, 36
 ReliableTr, 35
 c0s, 35
 Robert, 35
 NS, 35
 CLT, 35
 jdlyons, 35
 CAPJOIN, 35
 BCLDEMO, 35
 Franchise, 35
 Falstone, 35
 Tree, 34
 OrthoM, 34
 JBEpay, 34
 stalks, 34
 MolbryCont, 34
 REEL, 34
 mexibb, 34
 HF04882, 34
 TSS, 34
 RWD, 34
 turners, 34
 asia, 34
 NETAG, 34
 BezHranic, 34
 scotts, 33
 MGTL01, 33
 MCLAW40, 33
 rbcl, 33
 BCCLINDUSTRIAL, 33
 MYOB, 33
 TuroTuro, 33
 Technofix, 33
 GIST, 33
 Wagzone, 33
 bpsl, 33
 jsinghpayroll, 33
 REACH, 33
 Valinor, 33
 MRC, 33
 LuisHoldin, 33
 KAD, 33
 SFHL, 33
 Affordablepayroll, 33
 Spindle, 32
 MAPaintingltd, 32
 sg, 32
 paeroaliquor, 32
 NativeSoft, 32
 bap, 32
 DEMOND, 31
 SCC, 31
 reformchch, 31
 annehood, 31
 Augustine, 31
 PMK, 31
 PHA, 31
 Mimsy, 31
 fibresolutions, 31
 Velvet, 31
 Needs, 31
 QLHolding, 31
 MCLpay, 31
 NCN, 31
 LikeMinded, 31
 Motion, 31
 ljfreight, 30
 EENZ, 30
 KDWLimited, 30
 360Glass, 30
 MACpay, 30
 Wilson, 30
 RGL, 30
 samwu, 30
 NigelPrior, 30
 PearlHarbo, 30
 test123, 30
 Catayne, 30
 BOBL, 30
 RC Build, 30
 ModularLiv, 30
 qb05ltd, 30
 HF06115, 30
 RKHORT, 30
 RAMCH, 30
 HF03274, 30
 PACMOB, 30
 Northpay, 30
 MK , 30
 AFLL, 29
 CSSL, 29
 WSIL, 29
 indianspiceland, 29
 XWD2012, 29
 HSS, 29
 watertight, 29
 aurum, 29
 WMAT, 29
 AApay, 29
 JES, 29
 ZILL, 29
 Cooper, 29
 EGL, 29
 Hello, 29
 JPT, 29
 Miria, 29
 PSL, 28
 QSERVE, 28
 MSHBA, 28
 st, 28
 KQFOOD, 28
 TFOL, 28
 GC, 28
 anjala enter, 28
 windowm, 28
 Adit, 28
 Outside2012, 28
 BBKpayroll, 28
 TAE, 28
 Survey, 28
 HF03271, 28
 USONZ, 28
 CONT, 28
 HCS, 28
 BBG, 28
 Pot, 28
 Yumiliciou, 28
 Thundercloud, 28
 Buchanans, 28
 Networkren, 28
 M.B.C., 27
 Horologist, 27
 PLS, 27
 TeAnau, 27
 revtours, 27
 KMHC, 27
 SSE, 27
 GWAY, 27
 HF03070, 27
 GurjeetAul, 27
 SAIPROP, 27
 Swampy, 27
 Test100, 27
 FIN00, 27
 DH, 27
 BDOpay, 27
 Voxton, 27
 CAPNERDS, 27
 EPT Ltd., 26
 jmc, 26
 Glenfield1, 26
 BestieCafe, 26
 ABF, 26
 Fishpayroll, 26
 ITS, 26
 InfiniteSynergy, 26
 superb6, 26
 Waikatopayroll, 26
 Something, 26
 MBSS, 26
 comhire, 26
 WRAK, 26
 EvolvePAY, 26
 MEL, 26
 BTSINC, 26
 SHL, 25
 TestCompan, 25
 kaanpay, 25
 BLUEDOT, 25
 TIS, 25
 CroweH, 25
 Goodwin, 25
 HF03561, 25
 Apollo1, 25
 STAROFINDI, 25
 HF03114, 25
 SKYTV, 25
 RMAC, 25
 Arko, 25
 electrospec, 25
 HF04783, 25
 BZCL, 25
 TT Ind, 25
 bestremovals, 25
 YMM, 25
 Grabb, 25
 cacanz, 25
 Career, 24
 Green Cabs, 24
 RICHARDS, 24
 Greenhills, 24
 Sole trader, 24
 Mactobe, 24
 HF03160, 24
 PPDHA, 24
 YCI, 24
 HarmonyCre, 24
 CJ S, 24
 Eat, 24
 Forestry, 24
 YBL, 24
 MatalikiLt, 24
 HeavyDuty, 24
 Simple, 24
 Skybasenet, 24
 100Rails, 24
 Myhouse, 24
 Spacepay, 24
 Wellington, 24
 tiling, 24
 Ninos, 24
 kiwicarremovals, 23
 Sfinder, 23
 Arirang, 23
 BELC, 23
 rightline, 23
 Building, 23
 Beachside, 23
 Wmanukau, 23
 Bluegrass, 23
 DS, 23
 ABCpay, 23
 RRU, 23
 QualityPainters, 23
 BFBuilders, 23
 MHA, 23
 kajolindia, 23
 BCL, 23
 mbjs, 23
 Dennis, 23
 DynesTrans, 23
 Nomad, 22
 QLFC, 22
 Godfreys, 22
 Lawns, 22
 ADVS, 22
 ASCFS, 22
 sai, 22
 Ezypay, 22
 Silencewasboutique, 22
 gadgIT, 22
 KHNB, 22
 Richmond, 22
 BoxLivingL, 22
 CCSgroup, 22
 thompsonpartners, 22
 BS, 22
 SPACE, 22
 McLeod, 22
 MIL, 22
 WRUI01, 21
 Lacocotte, 21
 RBE, 21
 Intelact, 21
 CareerAcad, 21
 Pumpset, 21
 Regal, 21
 garrison, 21
 Anytime, 21
 RHC, 21
 Vissaga, 21
 BlurEyecare, 21
 Footprint, 21
 MetroPaint, 21
 TRM, 21
 Conversion, 21
 UrbanDance, 21
 HF03333, 21
 PAKAG, 21
 Genius96, 21
 Hylt, 21
 RD, 21
 HMAM, 21
 Collected, 21
 PVM, 21
 SortmyChaos, 21
 RCON, 21
 BFT, 21
 AWSL, 21
 Yellow6, 20
 Aden, 20
 LimitlessR, 20
 DNAFloor, 20
 FLD, 20
 AceConv, 20
 Custompay, 20
 kph, 20
 TPSEXTBLDG, 20
 chokdee, 20
 Mo, 20
 NowhereLtd, 20
 StLukesCat, 20
 MUMAA, 20
 TMD, 20
 abcltd, 20
 Brent, 20
 HARG, 20
 HF04625, 20
 OSF, 20
 kinetic recruitment, 20
 Sila, 20
 beans, 20
 iron, 20
 DSL, 20
 ATPHospo, 20
 Posbossdev, 19
 NEDHA, 19
 RockSolidB, 19
 Lawries, 19
 SketchOne, 19
 FinancePro, 19
 Caerus, 19
 AKDeanLtd, 19
 whiterose, 19
 LMN, 19
 CH, 19
 Industry, 19
 COBBLERS, 19
 Accountabill, 19
 DHB, 19
 GCMC, 19
 MikeMckayC, 19
 smithandso, 18
 DeskDirector, 18
 Armillary, 18
 HF03161, 18
 santafe, 18
 gaokailtd, 18
 MFLJ, 18
 GroomingSo, 18
 TBLTD, 18
 Anita, 18
 Anguspay, 18
 lanworx, 18
 LibertyAss, 18
 MAS, 18
 STOMPZ, 18
 MFT, 18
 Projex, 18
 Systematic, 18
 LaBella, 18
 motel, 18
 Assurity, 18
 Saran, 18
 DDNZ, 18
 JS, 17
 Abes, 17
 Waitangi, 17
 AISL, 17
 Huirama, 17
 TCCC, 17
 Lync, 17
 sharonguru, 17
 Welsh, 17
 HJD, 17
 ACRO, 17
 EVENT, 17
 HavenManila, 17
 CBBrown, 17
 Timesvr, 17
 Cloudkept, 17
 DT, 17
 PrecisionC, 17
 CLL, 17
 PARKVIEWMO, 17
 paintworks, 17
 JonesT, 17
 lilyparker, 17
 DHABAX, 17
 awop, 17
 kni, 17
 contented, 17
 naa, 16
 KCI, 16
 nudge, 16
 DVPayroll, 16
 PMECL, 16
 Trialpay, 16
 HighProfil, 16
 Kerry, 16
 trialriv, 16
 TCNZ, 16
 booths, 16
 TPK4700, 16
 Francois, 16
 National, 16
 empirecafe, 16
 GMSL, 16
 tearotenan, 16
 CTrades, 16
 OhGosh, 16
 ICMS, 16
 jccademo, 16
 sowry, 16
 Riaan, 16
 Tony, 16
 Jonathan Murray, 16
 Frear, 16
 Shellz, 16
 KMJ, 16
 cppattana, 15
 Diving, 15
 cfdt, 15
 Mynxnet, 15
 LBFL, 15
 TWANG107FM, 15
 MacKayAG, 15
 Bp2go , 15
 neal, 15
 Fergall, 15
 HF03098, 15
 HF03384, 15
 sumjdm, 15
 pregoli, 15
 crossroads, 15
 PGA, 15
 KISpayroll, 15
 Clinician, 15
 CMC, 15
 HF03304, 15
 TSML, 15
 HF03325, 15
 HF03336, 15
 bbcwl, 15
 HF03504, 15
 HF03053, 15
 Cii, 15
 HF03155, 15
 HF03484, 15
 ALB LTD, 15
 PHGWaikato, 15
 StellarPro, 15
 compas, 15
 HF03253, 15
 ClickThis, 15
 PCServicesL, 15
 HF06095, 15
 HF03290, 15
 Groundwork, 15
 MingSing, 15
 Kings, 15
 Wairaka, 15
 Keenan, 14
 KABU66, 14
 stafflinerec, 14
 MUSHOT, 14
 PWGLTD, 14
 HPL2016, 14
 KDadziePlu, 14
 Attic, 14
 TheCleaner, 14
 Wilmot, 14
 Silverfern, 14
 Essential11, 14
 Peter M, 14
 dhaaccount, 14
 NBuilders, 14
 YBHB, 14
 Erica, 14
 HelloDigital, 14
 BelcoHomes, 14
 GisPak, 14
 CDE, 14
 etw, 14
 Hi, 14
 CAPPA, 14
 NgatiTeWhi, 14
 101, 14
 apsl, 14
 SHPL, 14
 EFG, 14
 SADP, 14
 SmithASons, 13
 BJP, 13
 Real, 13
 Livingsoul, 13
 ABM, 13
 Nul, 13
 MJWC, 13
 Grunta99, 13
 WORCACT, 13
 Lasertek, 13
 SUPE, 13
 sohocafe, 13
 TheLodgeBar, 13
 SmartTrade, 13
 admintut, 13
 Colee, 13
 MHL, 13
 PROV, 13
 Architecturalpa, 13
 bestpayroll, 13
 ThaiHouse, 13
 Lifeland, 13
 kapailittle, 13
 shmc, 13
 CML003, 13
 TIFL, 13
 RCSI, 13
 Nicks Cafe, 13
 NL, 13
 testcode2, 13
 cheltenham, 13
 Coaches5, 13
 KK, 13
 Acc, 13
 LakeviewMo, 12
 VVV, 12
 JT, 12
 AdventureT, 12
 HF03375, 12
 MVCeilings, 12
 Bm Bowls, 12
 OTM, 12
 SGHB, 12
 WebblineAg, 12
 Mainland, 12
 BANL, 12
 Tuiadvisers, 12
 HF03396, 12
 THI, 12
 ED&C, 12
 Bex, 12
 CHP, 12
 LakeHouseMpayroll, 12
 MGP, 12
 DAD2012, 12
 Camela, 12
 NFP, 12
 COMCARE, 12
 CCNZ, 12
 basaservices, 12
 Lagscompan, 12
 HF02988, 12
 HSE, 12
 StayandPlay, 12
 van, 12
 bpp, 12
 Easyfit, 12
 MUSBUILT, 12
 PBpay, 12
 Zoeyas C.C, 12
 CashmereBa, 12
 ethique, 12
 AHG, 12
 PacificLab, 12
 DiminexAcc, 12
 NNAssociat, 12
 Sidhu, 12
 dilsherltd767, 12
 SAMGB, 12
 K4H, 12
 fergussonpay, 12
 TACC, 12
 SecuForce, 12
 One Electrical, 12
 RPS, 12
 VCA, 12
 CPML, 12
 WCL, 11
 formafloor, 11
 Shackleton, 11
 cgmoss, 11
 DNJ, 11
 AbbeyRoad, 11
 Red8Consul, 11
 Waxnlasernz, 11
 Aqua, 11
 TCT, 11
 AATS, 11
 BWRpayroll, 11
 TMB, 11
 -, 11
 DDOrchards, 11
 One10, 11
 Philip, 11
 cvlflexitimetest55, 11
 FML, 11
 e, 11
 MassageMe, 11
 AW, 