 Senior Communications Advisor, 11896
 Business Analyst, 8277
 Project Manager, 7332
 Project Manager - PO: 6500081765, 5639
 Princial Advisor  Regional Partner, 5158
 Project Manager - PO:  6500081765, 4572
 Financial Accountant, 4073
 Media Advisor, 4052
 Project Coordinator, 3872
 Bay of Plenty Region Case Manager - PO: 1-5530-2016-9999, 3614
 Property Contract Role - WBS 87324753 , 3530
 Policy Analyst - PO:1-5221-2014-0811, 3526
 Senior Business Analyst - PO: 2057309, 3203
 Financial Analyst - PO: PN103726, 3190
 Infographic Designer - Cost Code: 50041, 3122
 Senior Project Manager, 2930
 Senior Communications Advisor - CC: 5210, 2896
 Change Manager - PO: 4700407678, 2729
 Senior Business Analyst - CC 70 2146 3164, 2697
 PMO Analyst, 2659
 Senior Web Writer - PO: 802501, 2644
 Senior Advisor PO: 4500149816, 2590
 Case Manager Classroom Delivery Rc Code: 1-5410-2015-0811, 2585
 Senior Project Manager - CC: 404, 2542
 Stakeholder Engagement Advisor, 2526
 Product Manager - PO: 4500113902, 2522
 Project Manager - PO: 1-5521-2016-9999, 2474
 Regulatory Assurance - WBS 6087 - Senior Project Manager , 2440
 Senior Communications Consultant - PO 1759113, 2407
 Office of Ethnic Communities - PO: 7700015223, 2238
 Senior Advisor Facilities & Business Services, 2235
 Senior Business Analyst, 2206
 Senior Communications Advisor - Internal PO: 843003, 2131
 Technical Writer / Business Analyst - PO: PN103277, 2128
 Senior Strategy Advisor, 2117
 Project Manager - PO: CC 1-5520-2013-9999, 2094
 Business Analyst - PO: 6500081765, 2071
 Senior Communications Advisor - PO: 6500081765, 2044
 Shipping Add Ons Project Management 92053-001 PO: 2053775, 2044
 Data Analyst - PO: 843001, 2021
 Infographic Designer - Cost Code: 10006, 1988
 Assistant Financial Controller, 1973
 Senior Procurement Specialist - PO: 1819259, 1946
 Marketing Advisor - PO: 6500081765, 1932
 Senior Policy Analyst, 1923
 Business Analyst - DM, 1906
 Principal Advisor - Learning and Development	, 1866
 Management Accountant, 1832
 Policy Contractor, 1825
 Senior Marketing Communications Advisor - PO: 4500114914, 1825
 Case Manager - Special Needs Property Modifications  - PO: 1-5462-2015-0811, 1803
 Business Analyst - PO: 2078717, 1792
 Research Analyst  - PO: 6500081765, 1751
 Shipping API Project WO 91860-003 Management - PO: 2053775, 1747
 Senior Programme / Planner Coordinator - D253 - PO: 4500155480, 1746
 Case Manager - Special Needs Property Modifications  - PO: 1-5520-2013-9999 , 1743
 Procurement Specialist, 1708
 Interim CFO - PO: 1-2615-2016-0791, 1695
 Group Financial Controller, 1692
 Communications Contractor - PO: 7700006966, 1665
 Strategic Communication and Stakeholder Advisor - PO: 7700012565, 1641
 Digital Advisor, 1577
 Systems Accountant, 1577
 Marketing Communications Contractor - PO: 2089951, 1546
 Business Process Mapping Business Analyst - PO: 7700013347, 1503
 ISO Technical Writer, 1492
 S_IQ - HR Advisor, 1479
 Project Manager - PO: 539, 1475
 Technical Writer , 1469
 Portfolios  Programmes, 1451
 Technical Writer, 1426
 IRD - Communications Consultant - PO: 4500156754, 1426
 Case Manager - Auckland - PO: 1-5304-2015-7030, 1425
 Senior Business Analyst - PO: 2056998, 1420
 Document Management Contractor - PO: 03-455-8514-3365, 1386
 Associate Technical Analyst - PO: 2094789, 1374
 Project Manager - PO: 1-5304-2015-7048, 1365
 Project Coordinator - PO: , 1337
 Policy Analyst - PO:1-5221-2014-0811., 1288
 Business Analyst - PO: 0002065551, 1284
 Senior Change Advisor, 1219
 Change Manager, 1216
 Programme Co-ordinator, 1215
 Business Deployment Advisor - PO: 4500156626, 1202
 Senior Communications Advisor - PO: 7700010319, 1189
 Research Analyst - PO: 6500081864, 1181
 Financial Accountant - PO: BU#5110, 1164
 Project Facilitator - PO: 6500081765, 1147
 Management Accountant - PO: FEFP 9999 5080, 1128
 Management Accountant - PO: 4710016187, 1123
 Management Accountant/Analyst - PO: 4500147913, 1111
 Stakeholder Advisor  CMS System Scoping - PO: #21355 EJO0815-01, 1095
 Data Analyst - RC: 1419, 1089
 Senior Stakeholder Relations Advisor	, 1087
 Feasibility Manager - PO: 2083309, 1077
 Senior Communications Advisor - PO: , 1075
 Programme Co-ordinator - PO: 4500156633, 1054
 Marketing Communications Contractor, 1054
 Contractor - Project Manager Code: RC18, 1053
 Project Manager - PO: 2302752, 1051
 Manager Property  Disposal Opportunies - PO: 89324783, 1014
 Senior Advisor - Programme Manager Office, 1009
 Business Analyst - PO: 7320223844, 1005
 Marketing Communications Contractor - PO: WBS60022526 / WBS60022528, 1003
 Programme Manager - PO: 2036617, 1000
 Business Analyst - PO: 0002065554, 996
 Interim Chief Financial Officer, 994
 Strategic Procurement Manager, 979
 Assistant Accountant - PO: BU#5110, 975
 Product Manager - CC: 406, 970
 Subject Matter Expert - PO: 2059225, 969
 Senior Advisor  Capability and Planning - PO: 7700012867, 962
 Senior MarComms Advisor, 951
 Digital Manager, 950
 Procurement Lead - Maori Land Service Unit - Code: 2209-3311, 949
 RMPP - HR Advisor, 942
 Assistant Factory/Logistics Manager, 933
 Procurement Analyst, 923
 Group Finance Manager, 916
 Media Advisor - PO: 4500149149, 902
 Project Manager - PO: 2302753, 900
 Corporate Accountant, 895
 Stakeholder Engagement Manager - PO: 7700014197, 879
 NZBN Project Manager - Policy, 876
 Research Economic Analyst, 874
 Project Director, 872
 Digital Sending Journey Project WO 92179-003 - PO: 2085249, 870
 Change Manager - , 870
 Senior Project Coordinator - PO: PN103840, 863
 Communications Advisor - PO: 7700007883, 854
 Digital Manager - PO: 6500070554, 852
 Finance Accounting Manager, 824
 Project Coordinator - PO: 2078717, 815
 Development Manager - PO:6500072638, 802
 Project Coordinator - PO: 2294832, 801
 Financial Consultant , 797
 Senior Communications Advisor - Internal - PO: 284232, 788
 Channel Development Manager, 772
 NZ Fire Service Review - Senior Communications Advisor â€“ PO: 7700007883, 771
 Project Manager - PO: 2302754, 759
 Digital Marketing Manager, 745
 Feasibility Manager - PO: 2314769, 729
 Planning Contractor  Strategy & Planning, 703
 Marketing Communications Contractor. - PO: 2085072, 700
 Financial Controller, 699
 Senior Communications Advisor - PO: 6500081532, 692
 Communications and Stakeholder Engagement Advisor Contract: 13779, 689
 Product Lifecycle Management Process - PO 7700008478, 684
 Product Owner - Digital Channels, 682
 Senior Business Analyst.., 678
 Commercial Manager (Contract), 662
 Marketing Communications Consultant, 652
 Senior Advisor  Space Regulatory Systems, 634
 Programme Coordinator, 632
 Senior Communications Advisor - PO: 7700013650, 630
 Specialist Internal Communication - PO: 6500072251, 620
 Events Advisor - PO: 4500156635, 610
 Project Co-ordinator, 599
 Communications Consultant, 590
 Senior Marketing Campaign Specialist, 590
 Financial Analyst - RC43 (OS3502), 558
 Communications Contractor - Rail Safety Week, 550
 Senior Business Analyst - MBIE, 543
 Senior Project Manager - PO: 7000068916, 542
 VSA_Accountant, 541
 Senior Communications and Engagement Advisor, 537
 Senior Business Analyst., 528
 Communications Consultant - BU 7209, 523
 Candidate Resourcer, 519
 Senior Media Advisor - PO: 7700011559, 508
 Digital Data Footprint Project WO 92359-002 - PO: 2085249, 506
 Shipping API Project WO 91860-001 Management - PO: 2085249, 499
 Senior Procurement Analyst, 490
 Senior Communications Contractor - CC: 5210, 489
 Annual Report Writer, 485
 Policy Project Manager, 480
 Senior Communications Advisor - PO: 7700013646, 474
 NZ Post - Project Manager - PO: 2094789, 472
 Business Performance Advisor., 470
 Sector Accountant, 463
 Senior Communications Advisor ., 462
 Senior Research, 459
 Strategic Marketing Manager - PO: 7000068901, 457
 Marketing Communications Contractor - PO: 6500081533, 456
 Training Manager, 456
 Head of Finance - PO: 4310000357, 456
 Head of Business and Support Services, 450
 Stakeholder & Engagement Advisor, 441
 Data Analyst, 440
 Senior Advisor - PO: 7700011066, 437
 Procurement Manager, 421
 ICHC_Management Accountant, 414
 Shipping Add Ons Project WO 92053-003 Management - PO: 2085249, 410